filename,class,x_start,y_start,x_finish,y_finish
screen_768x768_346.png,parkinglot,127.8184,495.5425,168.6186,444.8495
screen_768x768_346.png,parkinglot,157.8494,495.893,198.47400000000002,452.55400000000003
screen_768x768_346.png,parkinglot,184.9908,505.2611,224.1271,456.9317
screen_768x768_346.png,parkinglot,212.0449,512.6158,254.6836,468.051
screen_768x768_346.png,parkinglot,347.4026,574.8659,399.2341,539.8448
screen_768x768_346.png,parkinglot,373.8436,587.8241,427.7766,553.6782000000001
screen_768x768_346.png,parkinglot,402.2984,603.0581999999999,457.3698,569.7003
screen_768x768_346.png,parkinglot,432.0666,619.5184,484.5112,583.0086
screen_768x768_346.png,parkinglot,460.1715,633.2642,516.2931,598.3306
screen_768x768_346.png,parkinglot,490.8153,648.2357,542.2090000000001,613.8273
screen_768x768_346.png,parkinglot,518.3945,662.9447,573.7281,629.0617
screen_768x768_356.png.txt,parkinglot,,,,
screen_768x768_158.png.txt,parkinglot,,,,
screen_768x768_6.png.txt,parkinglot,,,,
screen_768x768_148.png.txt,parkinglot,,,,
screen_768x768_287.png.txt,parkinglot,,,,
screen_768x768_297.png.txt,parkinglot,,,,
screen_768x768_183.png,parkinglot,2.880089,641.9322,22.75475,580.1195
screen_768x768_183.png,parkinglot,35.012190000000004,635.1906,54.624159999999996,573.4655
screen_768x768_183.png,parkinglot,68.72026,628.1864,84.74252,566.0236
screen_768x768_183.png,parkinglot,101.3776,621.357,107.0686,554.9043
screen_768x768_183.png,parkinglot,138.4127,601.8329,133.1596,537.9188
screen_768x768_183.png,parkinglot,164.3286,583.0963,156.8865,520.6708
screen_768x768_183.png,parkinglot,246.8914,394.769,261.8631,331.99300000000005
screen_768x768_183.png,parkinglot,219.2244,400.5475,234.63400000000001,337.6841
screen_768x768_183.png,parkinglot,191.9078,406.2384,205.3034,343.8129
screen_768x768_183.png,parkinglot,162.7525,414.556,180.1756,351.4299
screen_768x768_183.png,parkinglot,135.5234,420.7724,150.1447,357.7339
screen_768x768_183.png,parkinglot,106.7184,426.8134,122.1278,364.1252
screen_768x768_183.png,parkinglot,76.86259,433.0298,93.06008,370.1664
screen_768x768_183.png,parkinglot,50.859190000000005,438.4582,65.74329,377.6086
screen_768x768_183.png,parkinglot,21.178639999999998,446.33799999999997,37.288509999999995,383.5621
screen_768x768_183.png,parkinglot,32.47318,100.50199999999995,95.24892,81.50279999999998
screen_768x768_183.png,parkinglot,11.11004,91.39639999999997,68.36993000000001,57.68830000000003
screen_768x768_193.png.txt,parkinglot,,,,
screen_768x768_324.png,parkinglot,605.8603,54.79880000000003,660.4061,39.564700000000016
screen_768x768_324.png,parkinglot,598.8561,23.717499999999973,653.6646,9.883799999999951
screen_768x768_334.png.txt,parkinglot,,,,
screen_768x768_167.png.txt,parkinglot,,,,
screen_768x768_177.png,parkinglot,433.4676,661.7194,453.3423,599.9067
screen_768x768_177.png,parkinglot,465.2495,655.0653,484.1612,593.4277999999999
screen_768x768_177.png,parkinglot,493.792,649.1116,517.7816,586.4233
screen_768x768_177.png,parkinglot,528.2005,641.9322,548.0752,580.1195
screen_768x768_177.png,parkinglot,560.3326,635.1906,579.9446,573.4655
screen_768x768_177.png,parkinglot,594.0408,628.1864,610.0629,566.0236
screen_768x768_177.png,parkinglot,626.6981,621.357,632.389,554.9043
screen_768x768_177.png,parkinglot,663.7332,601.8329,658.48,537.9188
screen_768x768_177.png,parkinglot,689.6489999999999,583.0963,682.2069,520.6708
screen_768x768_177.png,parkinglot,744.5449,400.5475,759.9545,337.6841
screen_768x768_177.png,parkinglot,717.2283,406.2384,730.6239,343.8129
screen_768x768_177.png,parkinglot,688.073,414.556,705.4961,351.4299
screen_768x768_177.png,parkinglot,660.8438,420.7724,675.4652,357.7339
screen_768x768_177.png,parkinglot,632.0388,426.8134,647.4482,364.1252
screen_768x768_177.png,parkinglot,602.183,433.0298,618.3805,370.1664
screen_768x768_177.png,parkinglot,576.1796,438.4582,591.0637,377.6086
screen_768x768_177.png,parkinglot,546.499,446.33799999999997,562.6089,383.5621
screen_768x768_177.png,parkinglot,517.6941,452.9043,534.4167,390.6538
screen_768x768_177.png,parkinglot,489.3268,458.8581,506.0496,396.6076
screen_768x768_177.png,parkinglot,512.7911,82.29079999999999,558.3188,37.63850000000002
screen_768x768_177.png,parkinglot,557.7936,100.50199999999995,620.5693,81.50279999999998
screen_768x768_177.png,parkinglot,486.35,82.0281,522.422,27.394900000000007
screen_768x768_177.png,parkinglot,397.746,101.55259999999998,415.6068,39.12699999999995
screen_768x768_177.png,parkinglot,365.4387,108.90710000000001,384.5253,46.48140000000001
screen_768x768_177.png,parkinglot,459.471,87.54409999999996,482.1474,25.118299999999977
screen_768x768_177.png,parkinglot,428.3019,94.63589999999999,448.0015,31.50980000000004
screen_768x768_177.png,parkinglot,536.4304,91.39639999999997,593.6904,57.68830000000003
screen_768x768_177.png,parkinglot,335.5829,115.64869999999996,352.1306,53.223100000000045
screen_768x768_201.png.txt,parkinglot,,,,
screen_768x768_211.png.txt,parkinglot,,,,
screen_768x768_33.png.txt,parkinglot,,,,
screen_768x768_23.png.txt,parkinglot,,,,
screen_768x768_51.png.txt,parkinglot,,,,
screen_768x768_41.png.txt,parkinglot,,,,
screen_768x768_263.png.txt,parkinglot,,,,
screen_768x768_273.png,parkinglot,518.3069,387.5018,572.8527,372.2676
screen_768x768_273.png,parkinglot,511.3026,356.4205,566.1111,342.5868
screen_768x768_273.png,parkinglot,495.3679,299.0728,559.6321,314.0447
screen_768x768_273.png,parkinglot,488.8889,270.3552,550.264,285.50199999999995
screen_768x768_273.png,parkinglot,480.2213,238.66099999999994,543.6974,256.4344
screen_768x768_273.png,parkinglot,474.0049,211.25670000000002,535.4674,225.35300000000007
screen_768x768_273.png,parkinglot,464.9869,182.53920000000005,529.2511,198.03639999999996
screen_768x768_273.png,parkinglot,457.8074,152.94619999999998,519.6202,166.4294
screen_768x768_105.png.txt,parkinglot,,,,
screen_768x768_115.png.txt,parkinglot,,,,
screen_768x768_123.png,parkinglot,687.8981,414.9938,733.4258,370.3415
screen_768x768_123.png,parkinglot,661.4569,414.7311,697.5288,360.0978
screen_768x768_123.png,parkinglot,572.8528,434.2556,590.7137,371.83
screen_768x768_123.png,parkinglot,540.5456,441.6101,559.6321,379.1844
screen_768x768_123.png,parkinglot,634.5779,420.2471,657.2543,357.8214
screen_768x768_123.png,parkinglot,603.4088,427.3389,623.1084,364.2128
screen_768x768_123.png,parkinglot,510.6898,448.3517,527.2374,385.9261
screen_768x768_133.png,parkinglot,71.78455,727.47196,86.75626,664.6961
screen_768x768_133.png,parkinglot,44.11759,733.25052,59.52711,670.38714
screen_768x768_133.png,parkinglot,16.80096,738.9414400000001,30.196559999999998,676.51586
screen_768x768_77.png,parkinglot,162.5775,747.69681,208.1052,703.04453
screen_768x768_77.png,parkinglot,207.5799,765.907883,270.3557,746.90884
screen_768x768_77.png,parkinglot,136.1363,747.4341,172.2083,692.80083
screen_768x768_77.png,parkinglot,47.53221,766.958588,65.39312,704.53301
screen_768x768_77.png,parkinglot,109.2573,752.95008,131.9337,690.52437
screen_768x768_77.png,parkinglot,78.08821,760.04187,97.7878,696.9158
screen_768x768_77.png,parkinglot,186.2168,756.80235,243.4767,723.09428
screen_768x768_67.png.txt,parkinglot,,,,
screen_768x768_245.png.txt,parkinglot,,,,
screen_768x768_255.png.txt,parkinglot,,,,
screen_768x768_227.png,parkinglot,608.5745,329.0163,628.4492,267.2036
screen_768x768_227.png,parkinglot,640.3564,322.3621,659.2681,260.7247
screen_768x768_227.png,parkinglot,668.8988,316.4084,692.8884,253.72019999999998
screen_768x768_227.png,parkinglot,703.3074,309.2291,723.1821,247.41639999999995
screen_768x768_227.png,parkinglot,735.4395,302.4874,755.0515,240.76229999999998
screen_768x768_227.png,parkinglot,751.2865,105.755,766.1706,44.905399999999986
screen_768x768_227.png,parkinglot,721.6060000000001,113.63480000000004,737.7158,50.85889999999995
screen_768x768_227.png,parkinglot,692.801,120.20119999999997,709.5236,57.95069999999998
screen_768x768_227.png,parkinglot,664.4337,126.15499999999997,681.1564,63.90440000000001
screen_768x768_237.png,parkinglot,44.11759,67.84439999999995,59.52711,4.981000000000108
screen_768x768_237.png,parkinglot,16.80096,73.5353,30.196559999999998,11.109699999999975
screen_768x768_15.png.txt,parkinglot,,,,
screen_768x768_141.png.txt,parkinglot,,,,
screen_768x768_151.png.txt,parkinglot,,,,
screen_768x768_48.png.txt,parkinglot,,,,
screen_768x768_58.png.txt,parkinglot,,,,
screen_768x768_302.png.txt,parkinglot,,,,
screen_768x768_312.png.txt,parkinglot,,,,
screen_768x768_93.png.txt,parkinglot,,,,
screen_768x768_83.png.txt,parkinglot,,,,
screen_768x768_218.png.txt,parkinglot,,,,
screen_768x768_208.png.txt,parkinglot,,,,
screen_768x768_132.png,parkinglot,159.3379,727.47196,174.3096,664.6961
screen_768x768_132.png,parkinglot,131.6709,733.25052,147.0804,670.38714
screen_768x768_132.png,parkinglot,104.3543,738.9414400000001,117.7499,676.51586
screen_768x768_132.png,parkinglot,75.19901,747.259,92.62214,684.13293
screen_768x768_132.png,parkinglot,47.96986,753.47534,62.59124,690.43689
screen_768x768_132.png,parkinglot,19.16489,759.516449,34.57425,696.82819
screen_768x768_122.png,parkinglot,660.4061,434.2556,678.2671,371.83
screen_768x768_122.png,parkinglot,628.0989,441.6101,647.1854,379.1844
screen_768x768_122.png,parkinglot,722.1312,420.2471,744.8076,357.8214
screen_768x768_122.png,parkinglot,690.9622,427.3389,710.6617,364.2128
screen_768x768_122.png,parkinglot,598.2432,448.3517,614.7908,385.9261
screen_768x768_254.png.txt,parkinglot,,,,
screen_768x768_244.png.txt,parkinglot,,,,
screen_768x768_66.png.txt,parkinglot,,,,
screen_768x768_76.png,parkinglot,250.13099999999997,747.69681,295.6587,703.04453
screen_768x768_76.png,parkinglot,295.1334,765.907883,357.9091,746.90884
screen_768x768_76.png,parkinglot,223.6897,747.4341,259.7617,692.80083
screen_768x768_76.png,parkinglot,135.0857,766.958588,152.9466,704.53301
screen_768x768_76.png,parkinglot,196.8108,752.95008,219.4872,690.52437
screen_768x768_76.png,parkinglot,165.6417,760.04187,185.3413,696.9158
screen_768x768_76.png,parkinglot,273.7703,756.80235,331.0302,723.09428
screen_768x768_14.png.txt,parkinglot,,,,
screen_768x768_236.png,parkinglot,13.82414,288.6539,19.515060000000002,222.20119999999997
screen_768x768_236.png,parkinglot,50.859190000000005,269.1297,45.60608,205.2156
screen_768x768_236.png,parkinglot,76.77512,250.39319999999998,69.333,187.96770000000004
screen_768x768_236.png,parkinglot,131.6709,67.84439999999995,147.0804,4.981000000000108
screen_768x768_236.png,parkinglot,104.3543,73.5353,117.7499,11.109699999999975
screen_768x768_236.png,parkinglot,75.19901,81.8528,92.62214,18.726800000000026
screen_768x768_236.png,parkinglot,47.96986,88.06920000000002,62.59124,25.0308
screen_768x768_236.png,parkinglot,19.16489,94.11030000000005,34.57425,31.422000000000025
screen_768x768_226.png,parkinglot,80.53976,720.20478,135.0856,704.97066
screen_768x768_226.png,parkinglot,73.53551999999999,689.1235,128.344,675.28979
screen_768x768_226.png,parkinglot,57.600809999999996,631.7758,121.865,646.7477
screen_768x768_226.png,parkinglot,51.121829999999996,603.0581999999999,112.4969,618.205
screen_768x768_226.png,parkinglot,42.45417,571.364,105.9303,589.1375
screen_768x768_226.png,parkinglot,36.23774,543.9597,97.70031999999999,558.056
screen_768x768_226.png,parkinglot,27.219820000000002,515.2423,91.48398,530.7393999999999
screen_768x768_226.png,parkinglot,20.04032,485.6492,81.85316,499.1324
screen_768x768_226.png,parkinglot,696.1278,329.0163,716.0025,267.2036
screen_768x768_226.png,parkinglot,727.9098,322.3621,746.8214,260.7247
screen_768x768_150.png.txt,parkinglot,,,,
screen_768x768_140.png.txt,parkinglot,,,,
screen_768x768_313.png.txt,parkinglot,,,,
screen_768x768_303.png.txt,parkinglot,,,,
screen_768x768_59.png.txt,parkinglot,,,,
screen_768x768_49.png.txt,parkinglot,,,,
screen_768x768_209.png.txt,parkinglot,,,,
screen_768x768_219.png,parkinglot,693.4137,720.20478,747.9596,704.97066
screen_768x768_219.png,parkinglot,686.4095,689.1235,741.2180000000001,675.28979
screen_768x768_219.png,parkinglot,670.4748,631.7758,734.7389999999999,646.7477
screen_768x768_219.png,parkinglot,663.9958,603.0581999999999,725.3708,618.205
screen_768x768_219.png,parkinglot,655.3281,571.364,718.8043,589.1375
screen_768x768_219.png,parkinglot,649.1117,543.9597,710.5743,558.056
screen_768x768_219.png,parkinglot,640.0938,515.2423,704.3579,530.7393999999999
screen_768x768_219.png,parkinglot,632.9143,485.6492,694.7272,499.1324
screen_768x768_82.png.txt,parkinglot,,,,
screen_768x768_92.png.txt,parkinglot,,,,
screen_768x768_296.png.txt,parkinglot,,,,
screen_768x768_286.png.txt,parkinglot,,,,
screen_768x768_357.png.txt,parkinglot,,,,
screen_768x768_347.png,parkinglot,40.26501,495.5425,81.06519,444.8495
screen_768x768_347.png,parkinglot,70.29607,495.893,110.9207,452.55400000000003
screen_768x768_347.png,parkinglot,97.43745,505.2611,136.5737,456.9317
screen_768x768_347.png,parkinglot,124.4915,512.6158,167.1302,468.051
screen_768x768_347.png,parkinglot,259.8492,574.8659,311.6808,539.8448
screen_768x768_347.png,parkinglot,286.2903,587.8241,340.2232,553.6782000000001
screen_768x768_347.png,parkinglot,314.7451,603.0581999999999,369.8164,569.7003
screen_768x768_347.png,parkinglot,344.5132,619.5184,396.9578,583.0086
screen_768x768_347.png,parkinglot,372.6181,633.2642,428.7397,598.3306
screen_768x768_347.png,parkinglot,403.2619,648.2357,454.6556,613.8273
screen_768x768_347.png,parkinglot,430.8411,662.9447,486.1747,629.0617
screen_768x768_149.png.txt,parkinglot,,,,
screen_768x768_7.png.txt,parkinglot,,,,
screen_768x768_159.png.txt,parkinglot,,,,
screen_768x768_335.png.txt,parkinglot,,,,
screen_768x768_325.png,parkinglot,518.3069,54.79880000000003,572.8527,39.564700000000016
screen_768x768_325.png,parkinglot,511.3026,23.717499999999973,566.1111,9.883799999999951
screen_768x768_192.png.txt,parkinglot,,,,
screen_768x768_182.png,parkinglot,27.482459999999996,655.0653,46.39405,593.4277999999999
screen_768x768_182.png,parkinglot,56.02486999999999,649.1116,80.0145,586.4233
screen_768x768_182.png,parkinglot,90.43343,641.9322,110.3081,580.1195
screen_768x768_182.png,parkinglot,122.5656,635.1906,142.1775,573.4655
screen_768x768_182.png,parkinglot,156.2736,628.1864,172.2959,566.0236
screen_768x768_182.png,parkinglot,188.93099999999998,621.357,194.6219,554.9043
screen_768x768_182.png,parkinglot,225.9661,601.8329,220.713,537.9188
screen_768x768_182.png,parkinglot,251.882,583.0963,244.4398,520.6708
screen_768x768_182.png,parkinglot,334.4448,394.769,349.4165,331.99300000000005
screen_768x768_182.png,parkinglot,306.7778,400.5475,322.1873,337.6841
screen_768x768_182.png,parkinglot,279.4612,406.2384,292.8568,343.8129
screen_768x768_182.png,parkinglot,250.3059,414.556,267.72900000000004,351.4299
screen_768x768_182.png,parkinglot,223.0767,420.7724,237.6981,357.7339
screen_768x768_182.png,parkinglot,194.2717,426.8134,209.6811,364.1252
screen_768x768_182.png,parkinglot,164.4159,433.0298,180.6134,370.1664
screen_768x768_182.png,parkinglot,138.4126,438.4582,153.2967,377.6086
screen_768x768_182.png,parkinglot,108.73200000000001,446.33799999999997,124.8419,383.5621
screen_768x768_182.png,parkinglot,79.92702,452.9043,96.64964,390.6538
screen_768x768_182.png,parkinglot,51.559709999999995,458.8581,68.28248,396.6076
screen_768x768_182.png,parkinglot,75.02408,82.29079999999999,120.5518,37.63850000000002
screen_768x768_182.png,parkinglot,120.0265,100.50199999999995,182.8023,81.50279999999998
screen_768x768_182.png,parkinglot,48.58289,82.0281,84.6549,27.394900000000007
screen_768x768_182.png,parkinglot,21.7039,87.54409999999996,44.3803,25.118299999999977
screen_768x768_182.png,parkinglot,98.66338,91.39639999999997,155.9233,57.68830000000003
screen_768x768_176.png,parkinglot,521.0209,661.7194,540.8956,599.9067
screen_768x768_176.png,parkinglot,552.8029,655.0653,571.7145,593.4277999999999
screen_768x768_176.png,parkinglot,581.3453,649.1116,605.335,586.4233
screen_768x768_176.png,parkinglot,615.7539,641.9322,635.6285,580.1195
screen_768x768_176.png,parkinglot,647.886,635.1906,667.4979,573.4655
screen_768x768_176.png,parkinglot,681.5941,628.1864,697.6163,566.0236
screen_768x768_176.png,parkinglot,714.2515,621.357,719.9424,554.9043
screen_768x768_176.png,parkinglot,751.2865,601.8329,746.0334,537.9188
screen_768x768_176.png,parkinglot,748.3972,420.7724,763.0186,357.7339
screen_768x768_176.png,parkinglot,719.5922,426.8134,735.0016,364.1252
screen_768x768_176.png,parkinglot,689.7365,433.0298,705.9339,370.1664
screen_768x768_176.png,parkinglot,663.7330000000001,438.4582,678.6171,377.6086
screen_768x768_176.png,parkinglot,634.0524,446.33799999999997,650.1623,383.5621
screen_768x768_176.png,parkinglot,605.2475,452.9043,621.9701,390.6538
screen_768x768_176.png,parkinglot,576.8802,458.8581,593.6029,396.6076
screen_768x768_176.png,parkinglot,600.3445,82.29079999999999,645.8722,37.63850000000002
screen_768x768_176.png,parkinglot,645.347,100.50199999999995,708.1227,81.50279999999998
screen_768x768_176.png,parkinglot,573.9033,82.0281,609.9753,27.394900000000007
screen_768x768_176.png,parkinglot,485.2993,101.55259999999998,503.1602,39.12699999999995
screen_768x768_176.png,parkinglot,452.9921,108.90710000000001,472.0786,46.48140000000001
screen_768x768_176.png,parkinglot,547.0244,87.54409999999996,569.7007,25.118299999999977
screen_768x768_176.png,parkinglot,515.8553,94.63589999999999,535.5549,31.50980000000004
screen_768x768_176.png,parkinglot,623.9838,91.39639999999997,681.2437,57.68830000000003
screen_768x768_176.png,parkinglot,423.1363,115.64869999999996,439.6839,53.223100000000045
screen_768x768_166.png.txt,parkinglot,,,,
screen_768x768_22.png.txt,parkinglot,,,,
screen_768x768_32.png.txt,parkinglot,,,,
screen_768x768_210.png.txt,parkinglot,,,,
screen_768x768_200.png.txt,parkinglot,,,,
screen_768x768_272.png,parkinglot,605.8603,387.5018,660.4061,372.2676
screen_768x768_272.png,parkinglot,598.8561,356.4205,653.6646,342.5868
screen_768x768_272.png,parkinglot,582.9213,299.0728,647.1855,314.0447
screen_768x768_272.png,parkinglot,576.4424,270.3552,637.8174,285.50199999999995
screen_768x768_272.png,parkinglot,567.7747,238.66099999999994,631.2509,256.4344
screen_768x768_272.png,parkinglot,561.5583,211.25670000000002,623.0209,225.35300000000007
screen_768x768_272.png,parkinglot,552.5403,182.53920000000005,616.8045,198.03639999999996
screen_768x768_272.png,parkinglot,545.3608,152.94619999999998,607.1737,166.4294
screen_768x768_262.png.txt,parkinglot,,,,
screen_768x768_40.png.txt,parkinglot,,,,
screen_768x768_50.png.txt,parkinglot,,,,
screen_768x768_114.png.txt,parkinglot,,,,
screen_768x768_104.png.txt,parkinglot,,,,
screen_768x768_142.png.txt,parkinglot,,,,
screen_768x768_152.png.txt,parkinglot,,,,
screen_768x768_224.png,parkinglot,255.6466,720.20478,310.1925,704.97066
screen_768x768_224.png,parkinglot,248.6424,689.1235,303.4509,675.28979
screen_768x768_224.png,parkinglot,232.7077,631.7758,296.9719,646.7477
screen_768x768_224.png,parkinglot,226.2287,603.0581999999999,287.6037,618.205
screen_768x768_224.png,parkinglot,217.56099999999998,571.364,281.0372,589.1375
screen_768x768_224.png,parkinglot,211.3446,543.9597,272.8072,558.056
screen_768x768_224.png,parkinglot,202.3267,515.2423,266.5909,530.7393999999999
screen_768x768_224.png,parkinglot,195.1472,485.6492,256.96,499.1324
screen_768x768_234.png,parkinglot,27.482459999999996,322.3621,46.39405,260.7247
screen_768x768_234.png,parkinglot,56.02486999999999,316.4084,80.0145,253.72019999999998
screen_768x768_234.png,parkinglot,90.43343,309.2291,110.3081,247.41639999999995
screen_768x768_234.png,parkinglot,122.5656,302.4874,142.1775,240.76229999999998
screen_768x768_234.png,parkinglot,156.2736,295.4832,172.2959,233.32039999999995
screen_768x768_234.png,parkinglot,188.93099999999998,288.6539,194.6219,222.20119999999997
screen_768x768_234.png,parkinglot,225.9661,269.1297,220.713,205.2156
screen_768x768_234.png,parkinglot,251.882,250.39319999999998,244.4398,187.96770000000004
screen_768x768_234.png,parkinglot,306.7778,67.84439999999995,322.1873,4.981000000000108
screen_768x768_234.png,parkinglot,279.4612,73.5353,292.8568,11.109699999999975
screen_768x768_234.png,parkinglot,250.3059,81.8528,267.72900000000004,18.726800000000026
screen_768x768_234.png,parkinglot,223.0767,88.06920000000002,237.6981,25.0308
screen_768x768_234.png,parkinglot,194.2717,94.11030000000005,209.6811,31.422000000000025
screen_768x768_234.png,parkinglot,164.4159,100.32669999999996,180.6134,37.463300000000004
screen_768x768_234.png,parkinglot,138.4126,105.755,153.2967,44.905399999999986
screen_768x768_234.png,parkinglot,108.73200000000001,113.63480000000004,124.8419,50.85889999999995
screen_768x768_234.png,parkinglot,79.92702,120.20119999999997,96.64964,57.95069999999998
screen_768x768_234.png,parkinglot,51.559709999999995,126.15499999999997,68.28248,63.90440000000001
screen_768x768_16.png.txt,parkinglot,,,,
screen_768x768_74.png,parkinglot,425.2378,747.69681,470.7655,703.04453
screen_768x768_74.png,parkinglot,470.2402,765.907883,533.016,746.90884
screen_768x768_74.png,parkinglot,398.7966,747.4341,434.8686,692.80083
screen_768x768_74.png,parkinglot,310.1926,766.958588,328.0535,704.53301
screen_768x768_74.png,parkinglot,371.9177,752.95008,394.594,690.52437
screen_768x768_74.png,parkinglot,340.7486,760.04187,360.4482,696.9158
screen_768x768_74.png,parkinglot,448.8771,756.80235,506.13699999999994,723.09428
screen_768x768_64.png.txt,parkinglot,,,,
screen_768x768_246.png.txt,parkinglot,,,,
screen_768x768_256.png.txt,parkinglot,,,,
screen_768x768_120.png.txt,parkinglot,,,,
screen_768x768_130.png,parkinglot,334.4448,727.47196,349.4165,664.6961
screen_768x768_130.png,parkinglot,306.7778,733.25052,322.1873,670.38714
screen_768x768_130.png,parkinglot,279.4612,738.9414400000001,292.8568,676.51586
screen_768x768_130.png,parkinglot,250.3059,747.259,267.72900000000004,684.13293
screen_768x768_130.png,parkinglot,223.0767,753.47534,237.6981,690.43689
screen_768x768_130.png,parkinglot,194.2717,759.516449,209.6811,696.82819
screen_768x768_130.png,parkinglot,164.4159,765.732811,180.6134,702.86943
screen_768x768_130.png,parkinglot,75.02408,414.9938,120.5518,370.3415
screen_768x768_130.png,parkinglot,120.0265,433.2049,182.8023,414.2058
screen_768x768_130.png,parkinglot,48.58289,414.7311,84.6549,360.0978
screen_768x768_130.png,parkinglot,21.7039,420.2471,44.3803,357.8214
screen_768x768_130.png,parkinglot,98.66338,424.0993,155.9233,390.3913
screen_768x768_199.png.txt,parkinglot,,,,
screen_768x768_189.png.txt,parkinglot,,,,
screen_768x768_29.png.txt,parkinglot,,,,
screen_768x768_39.png.txt,parkinglot,,,,
screen_768x768_90.png.txt,parkinglot,,,,
screen_768x768_80.png.txt,parkinglot,,,,
screen_768x768_279.png.txt,parkinglot,,,,
screen_768x768_301.png.txt,parkinglot,,,,
screen_768x768_269.png.txt,parkinglot,,,,
screen_768x768_311.png.txt,parkinglot,,,,
screen_768x768_327.png,parkinglot,343.2001,54.79880000000003,397.746,39.564700000000016
screen_768x768_327.png,parkinglot,336.1958,23.717499999999973,391.0043,9.883799999999951
screen_768x768_337.png.txt,parkinglot,,,,
screen_768x768_139.png.txt,parkinglot,,,,
screen_768x768_129.png,parkinglot,421.9981,727.47196,436.9698,664.6961
screen_768x768_129.png,parkinglot,394.3312,733.25052,409.7407,670.38714
screen_768x768_129.png,parkinglot,367.0145,738.9414400000001,380.4102,676.51586
screen_768x768_129.png,parkinglot,337.8592,747.259,355.2823,684.13293
screen_768x768_129.png,parkinglot,310.6301,753.47534,325.2515,690.43689
screen_768x768_129.png,parkinglot,281.8251,759.516449,297.2345,696.82819
screen_768x768_129.png,parkinglot,251.9693,765.732811,268.1668,702.86943
screen_768x768_129.png,parkinglot,162.5775,414.9938,208.1052,370.3415
screen_768x768_129.png,parkinglot,207.5799,433.2049,270.3557,414.2058
screen_768x768_129.png,parkinglot,136.1363,414.7311,172.2083,360.0978
screen_768x768_129.png,parkinglot,47.53221,434.2556,65.39312,371.83
screen_768x768_129.png,parkinglot,15.225010000000001,441.6101,34.31154,379.1844
screen_768x768_129.png,parkinglot,109.2573,420.2471,131.9337,357.8214
screen_768x768_129.png,parkinglot,78.08821,427.3389,97.7878,364.2128
screen_768x768_129.png,parkinglot,186.2168,424.0993,243.4767,390.3913
screen_768x768_180.png,parkinglot,170.8074,661.7194,190.6821,599.9067
screen_768x768_180.png,parkinglot,202.5893,655.0653,221.5009,593.4277999999999
screen_768x768_180.png,parkinglot,231.1317,649.1116,255.1214,586.4233
screen_768x768_180.png,parkinglot,265.5403,641.9322,285.415,580.1195
screen_768x768_180.png,parkinglot,297.6724,635.1906,317.2844,573.4655
screen_768x768_180.png,parkinglot,331.3805,628.1864,347.4027,566.0236
screen_768x768_180.png,parkinglot,364.0379,621.357,369.7288,554.9043
screen_768x768_180.png,parkinglot,401.0729,601.8329,395.8198,537.9188
screen_768x768_180.png,parkinglot,426.9889,583.0963,419.5467,520.6708
screen_768x768_180.png,parkinglot,509.5517,394.769,524.5234,331.99300000000005
screen_768x768_180.png,parkinglot,481.8846,400.5475,497.2942,337.6841
screen_768x768_180.png,parkinglot,454.56800000000004,406.2384,467.9637,343.8129
screen_768x768_180.png,parkinglot,425.4127,414.556,442.8359,351.4299
screen_768x768_180.png,parkinglot,398.1836,420.7724,412.805,357.7339
screen_768x768_180.png,parkinglot,369.3786,426.8134,384.788,364.1252
screen_768x768_180.png,parkinglot,339.5228,433.0298,355.7203,370.1664
screen_768x768_180.png,parkinglot,313.5194,438.4582,328.4035,377.6086
screen_768x768_180.png,parkinglot,283.8389,446.33799999999997,299.9487,383.5621
screen_768x768_180.png,parkinglot,255.0339,452.9043,271.7565,390.6538
screen_768x768_180.png,parkinglot,226.6666,458.8581,243.3893,396.6076
screen_768x768_180.png,parkinglot,250.13099999999997,82.29079999999999,295.6587,37.63850000000002
screen_768x768_180.png,parkinglot,295.1334,100.50199999999995,357.9091,81.50279999999998
screen_768x768_180.png,parkinglot,223.6897,82.0281,259.7617,27.394900000000007
screen_768x768_180.png,parkinglot,135.0857,101.55259999999998,152.9466,39.12699999999995
screen_768x768_180.png,parkinglot,102.7785,108.90710000000001,121.865,46.48140000000001
screen_768x768_180.png,parkinglot,196.8108,87.54409999999996,219.4872,25.118299999999977
screen_768x768_180.png,parkinglot,165.6417,94.63589999999999,185.3413,31.50980000000004
screen_768x768_180.png,parkinglot,273.7703,91.39639999999997,331.0302,57.68830000000003
screen_768x768_180.png,parkinglot,72.92271,115.64869999999996,89.47036999999999,53.223100000000045
screen_768x768_190.png.txt,parkinglot,,,,
screen_768x768_284.png.txt,parkinglot,,,,
screen_768x768_294.png.txt,parkinglot,,,,
screen_768x768_5.png.txt,parkinglot,,,,
screen_768x768_345.png,parkinglot,215.372,495.5425,256.1722,444.8495
screen_768x768_345.png,parkinglot,245.4031,495.893,286.0277,452.55400000000003
screen_768x768_345.png,parkinglot,272.5445,505.2611,311.6808,456.9317
screen_768x768_345.png,parkinglot,299.5985,512.6158,342.2372,468.051
screen_768x768_345.png,parkinglot,434.9562,574.8659,486.7878,539.8448
screen_768x768_345.png,parkinglot,461.3973,587.8241,515.3302,553.6782000000001
screen_768x768_345.png,parkinglot,489.8521,603.0581999999999,544.9235,569.7003
screen_768x768_345.png,parkinglot,519.6202,619.5184,572.0648,583.0086
screen_768x768_345.png,parkinglot,547.7252,633.2642,603.8468,598.3306
screen_768x768_345.png,parkinglot,578.3689,648.2357,629.7627,613.8273
screen_768x768_345.png,parkinglot,605.9481,662.9447,661.2817,629.0617
screen_768x768_355.png.txt,parkinglot,,,,
screen_768x768_106.png.txt,parkinglot,,,,
screen_768x768_116.png.txt,parkinglot,,,,
screen_768x768_52.png.txt,parkinglot,,,,
screen_768x768_42.png.txt,parkinglot,,,,
screen_768x768_260.png.txt,parkinglot,,,,
screen_768x768_318.png.txt,parkinglot,,,,
screen_768x768_270.png.txt,parkinglot,,,,
screen_768x768_308.png.txt,parkinglot,,,,
screen_768x768_202.png.txt,parkinglot,,,,
screen_768x768_212.png.txt,parkinglot,,,,
screen_768x768_30.png.txt,parkinglot,,,,
screen_768x768_20.png.txt,parkinglot,,,,
screen_768x768_164.png.txt,parkinglot,,,,
screen_768x768_174.png,parkinglot,696.1278,661.7194,716.0025,599.9067
screen_768x768_174.png,parkinglot,727.9098,655.0653,746.8214,593.4277999999999
screen_768x768_174.png,parkinglot,660.4061,101.55259999999998,678.2671,39.12699999999995
screen_768x768_174.png,parkinglot,628.0989,108.90710000000001,647.1854,46.48140000000001
screen_768x768_174.png,parkinglot,722.1312,87.54409999999996,744.8076,25.118299999999977
screen_768x768_174.png,parkinglot,690.9622,94.63589999999999,710.6617,31.50980000000004
screen_768x768_174.png,parkinglot,598.2432,115.64869999999996,614.7908,53.223100000000045
screen_768x768_89.png.txt,parkinglot,,,,
screen_768x768_99.png.txt,parkinglot,,,,
screen_768x768_191.png.txt,parkinglot,,,,
screen_768x768_181.png,parkinglot,83.25386999999999,661.7194,103.1285,599.9067
screen_768x768_181.png,parkinglot,115.0358,655.0653,133.9474,593.4277999999999
screen_768x768_181.png,parkinglot,143.5782,649.1116,167.5678,586.4233
screen_768x768_181.png,parkinglot,177.9868,641.9322,197.8615,580.1195
screen_768x768_181.png,parkinglot,210.1189,635.1906,229.7309,573.4655
screen_768x768_181.png,parkinglot,243.827,628.1864,259.8492,566.0236
screen_768x768_181.png,parkinglot,276.4844,621.357,282.1753,554.9043
screen_768x768_181.png,parkinglot,313.5194,601.8329,308.2663,537.9188
screen_768x768_181.png,parkinglot,339.4353,583.0963,331.9932,520.6708
screen_768x768_181.png,parkinglot,421.9981,394.769,436.9698,331.99300000000005
screen_768x768_181.png,parkinglot,394.3312,400.5475,409.7407,337.6841
screen_768x768_181.png,parkinglot,367.0145,406.2384,380.4102,343.8129
screen_768x768_181.png,parkinglot,337.8592,414.556,355.2823,351.4299
screen_768x768_181.png,parkinglot,310.6301,420.7724,325.2515,357.7339
screen_768x768_181.png,parkinglot,281.8251,426.8134,297.2345,364.1252
screen_768x768_181.png,parkinglot,251.9693,433.0298,268.1668,370.1664
screen_768x768_181.png,parkinglot,225.9659,438.4582,240.85,377.6086
screen_768x768_181.png,parkinglot,196.2854,446.33799999999997,212.3952,383.5621
screen_768x768_181.png,parkinglot,167.4804,452.9043,184.203,390.6538
screen_768x768_181.png,parkinglot,139.1131,458.8581,155.8358,396.6076
screen_768x768_181.png,parkinglot,162.5775,82.29079999999999,208.1052,37.63850000000002
screen_768x768_181.png,parkinglot,207.5799,100.50199999999995,270.3557,81.50279999999998
screen_768x768_181.png,parkinglot,136.1363,82.0281,172.2083,27.394900000000007
screen_768x768_181.png,parkinglot,47.53221,101.55259999999998,65.39312,39.12699999999995
screen_768x768_181.png,parkinglot,15.225010000000001,108.90710000000001,34.31154,46.48140000000001
screen_768x768_181.png,parkinglot,109.2573,87.54409999999996,131.9337,25.118299999999977
screen_768x768_181.png,parkinglot,78.08821,94.63589999999999,97.7878,31.50980000000004
screen_768x768_181.png,parkinglot,186.2168,91.39639999999997,243.4767,57.68830000000003
screen_768x768_336.png.txt,parkinglot,,,,
screen_768x768_326.png,parkinglot,430.7535,54.79880000000003,485.2993,39.564700000000016
screen_768x768_326.png,parkinglot,423.7493,23.717499999999973,478.5578,9.883799999999951
screen_768x768_128.png,parkinglot,509.5517,727.47196,524.5234,664.6961
screen_768x768_128.png,parkinglot,481.8846,733.25052,497.2942,670.38714
screen_768x768_128.png,parkinglot,454.56800000000004,738.9414400000001,467.9637,676.51586
screen_768x768_128.png,parkinglot,425.4127,747.259,442.8359,684.13293
screen_768x768_128.png,parkinglot,398.1836,753.47534,412.805,690.43689
screen_768x768_128.png,parkinglot,369.3786,759.516449,384.788,696.82819
screen_768x768_128.png,parkinglot,339.5228,765.732811,355.7203,702.86943
screen_768x768_128.png,parkinglot,250.13099999999997,414.9938,295.6587,370.3415
screen_768x768_128.png,parkinglot,295.1334,433.2049,357.9091,414.2058
screen_768x768_128.png,parkinglot,223.6897,414.7311,259.7617,360.0978
screen_768x768_128.png,parkinglot,135.0857,434.2556,152.9466,371.83
screen_768x768_128.png,parkinglot,102.7785,441.6101,121.865,379.1844
screen_768x768_128.png,parkinglot,196.8108,420.2471,219.4872,357.8214
screen_768x768_128.png,parkinglot,165.6417,427.3389,185.3413,364.2128
screen_768x768_128.png,parkinglot,273.7703,424.0993,331.0302,390.3913
screen_768x768_128.png,parkinglot,72.92271,448.3517,89.47036999999999,385.9261
screen_768x768_138.png.txt,parkinglot,,,,
screen_768x768_4.png.txt,parkinglot,,,,
screen_768x768_354.png.txt,parkinglot,,,,
screen_768x768_344.png,parkinglot,302.9254,495.5425,343.7256,444.8495
screen_768x768_344.png,parkinglot,332.9565,495.893,373.5811,452.55400000000003
screen_768x768_344.png,parkinglot,360.0978,505.2611,399.2341,456.9317
screen_768x768_344.png,parkinglot,387.1519,512.6158,429.7906,468.051
screen_768x768_344.png,parkinglot,522.5096,574.8659,574.3412,539.8448
screen_768x768_344.png,parkinglot,548.9507,587.8241,602.8835,553.6782000000001
screen_768x768_344.png,parkinglot,577.4054,603.0581999999999,632.4768,569.7003
screen_768x768_344.png,parkinglot,607.1736,619.5184,659.6182,583.0086
screen_768x768_344.png,parkinglot,635.2785,633.2642,691.4001,598.3306
screen_768x768_344.png,parkinglot,665.9222,648.2357,717.316,613.8273
screen_768x768_344.png,parkinglot,693.5015,662.9447,748.8351,629.0617
screen_768x768_295.png.txt,parkinglot,,,,
screen_768x768_285.png.txt,parkinglot,,,,
screen_768x768_117.png.txt,parkinglot,,,,
screen_768x768_107.png.txt,parkinglot,,,,
screen_768x768_309.png.txt,parkinglot,,,,
screen_768x768_271.png,parkinglot,693.4137,387.5018,747.9596,372.2676
screen_768x768_271.png,parkinglot,686.4095,356.4205,741.2180000000001,342.5868
screen_768x768_271.png,parkinglot,670.4748,299.0728,734.7389999999999,314.0447
screen_768x768_271.png,parkinglot,663.9958,270.3552,725.3708,285.50199999999995
screen_768x768_271.png,parkinglot,655.3281,238.66099999999994,718.8043,256.4344
screen_768x768_271.png,parkinglot,649.1117,211.25670000000002,710.5743,225.35300000000007
screen_768x768_271.png,parkinglot,640.0938,182.53920000000005,704.3579,198.03639999999996
screen_768x768_271.png,parkinglot,632.9143,152.94619999999998,694.7272,166.4294
screen_768x768_319.png.txt,parkinglot,,,,
screen_768x768_261.png.txt,parkinglot,,,,
screen_768x768_43.png.txt,parkinglot,,,,
screen_768x768_53.png.txt,parkinglot,,,,
screen_768x768_98.png.txt,parkinglot,,,,
screen_768x768_88.png.txt,parkinglot,,,,
screen_768x768_21.png.txt,parkinglot,,,,
screen_768x768_31.png.txt,parkinglot,,,,
screen_768x768_213.png.txt,parkinglot,,,,
screen_768x768_203.png.txt,parkinglot,,,,
screen_768x768_175.png,parkinglot,608.5745,661.7194,628.4492,599.9067
screen_768x768_175.png,parkinglot,640.3564,655.0653,659.2681,593.4277999999999
screen_768x768_175.png,parkinglot,668.8988,649.1116,692.8884,586.4233
screen_768x768_175.png,parkinglot,703.3074,641.9322,723.1821,580.1195
screen_768x768_175.png,parkinglot,735.4395,635.1906,755.0515,573.4655
screen_768x768_175.png,parkinglot,751.2865,438.4582,766.1706,377.6086
screen_768x768_175.png,parkinglot,721.6060000000001,446.33799999999997,737.7158,383.5621
screen_768x768_175.png,parkinglot,692.801,452.9043,709.5236,390.6538
screen_768x768_175.png,parkinglot,664.4337,458.8581,681.1564,396.6076
screen_768x768_175.png,parkinglot,687.8981,82.29079999999999,733.4258,37.63850000000002
screen_768x768_175.png,parkinglot,661.4569,82.0281,697.5288,27.394900000000007
screen_768x768_175.png,parkinglot,572.8528,101.55259999999998,590.7137,39.12699999999995
screen_768x768_175.png,parkinglot,540.5456,108.90710000000001,559.6321,46.48140000000001
screen_768x768_175.png,parkinglot,634.5779,87.54409999999996,657.2543,25.118299999999977
screen_768x768_175.png,parkinglot,603.4088,94.63589999999999,623.1084,31.50980000000004
screen_768x768_175.png,parkinglot,510.6898,115.64869999999996,527.2374,53.223100000000045
screen_768x768_165.png.txt,parkinglot,,,,
screen_768x768_153.png.txt,parkinglot,,,,
screen_768x768_143.png.txt,parkinglot,,,,
screen_768x768_17.png.txt,parkinglot,,,,
screen_768x768_235.png,parkinglot,2.880089,309.2291,22.75475,247.41639999999995
screen_768x768_235.png,parkinglot,35.012190000000004,302.4874,54.624159999999996,240.76229999999998
screen_768x768_235.png,parkinglot,68.72026,295.4832,84.74252,233.32039999999995
screen_768x768_235.png,parkinglot,101.3776,288.6539,107.0686,222.20119999999997
screen_768x768_235.png,parkinglot,138.4127,269.1297,133.1596,205.2156
screen_768x768_235.png,parkinglot,164.3286,250.39319999999998,156.8865,187.96770000000004
screen_768x768_235.png,parkinglot,219.2244,67.84439999999995,234.63400000000001,4.981000000000108
screen_768x768_235.png,parkinglot,191.9078,73.5353,205.3034,11.109699999999975
screen_768x768_235.png,parkinglot,162.7525,81.8528,180.1756,18.726800000000026
screen_768x768_235.png,parkinglot,135.5234,88.06920000000002,150.1447,25.0308
screen_768x768_235.png,parkinglot,106.7184,94.11030000000005,122.1278,31.422000000000025
screen_768x768_235.png,parkinglot,76.86259,100.32669999999996,93.06008,37.463300000000004
screen_768x768_235.png,parkinglot,50.859190000000005,105.755,65.74329,44.905399999999986
screen_768x768_235.png,parkinglot,21.178639999999998,113.63480000000004,37.288509999999995,50.85889999999995
screen_768x768_225.png,parkinglot,168.0933,720.20478,222.6392,704.97066
screen_768x768_225.png,parkinglot,161.089,689.1235,215.8976,675.28979
screen_768x768_225.png,parkinglot,145.1543,631.7758,209.4185,646.7477
screen_768x768_225.png,parkinglot,138.6753,603.0581999999999,200.0504,618.205
screen_768x768_225.png,parkinglot,130.0077,571.364,193.4838,589.1375
screen_768x768_225.png,parkinglot,123.7912,543.9597,185.2538,558.056
screen_768x768_225.png,parkinglot,114.7733,515.2423,179.0375,530.7393999999999
screen_768x768_225.png,parkinglot,107.5938,485.6492,169.4067,499.1324
screen_768x768_188.png.txt,parkinglot,,,,
screen_768x768_198.png.txt,parkinglot,,,,
screen_768x768_257.png.txt,parkinglot,,,,
screen_768x768_247.png.txt,parkinglot,,,,
screen_768x768_65.png.txt,parkinglot,,,,
screen_768x768_75.png,parkinglot,337.6843,747.69681,383.212,703.04453
screen_768x768_75.png,parkinglot,382.6868,765.907883,445.4625,746.90884
screen_768x768_75.png,parkinglot,311.2431,747.4341,347.3151,692.80083
screen_768x768_75.png,parkinglot,222.6391,766.958588,240.5,704.53301
screen_768x768_75.png,parkinglot,284.3641,752.95008,307.0405,690.52437
screen_768x768_75.png,parkinglot,253.1951,760.04187,272.8947,696.9158
screen_768x768_75.png,parkinglot,361.3236,756.80235,418.5835,723.09428
screen_768x768_131.png,parkinglot,246.8914,727.47196,261.8631,664.6961
screen_768x768_131.png,parkinglot,219.2244,733.25052,234.63400000000001,670.38714
screen_768x768_131.png,parkinglot,191.9078,738.9414400000001,205.3034,676.51586
screen_768x768_131.png,parkinglot,162.7525,747.259,180.1756,684.13293
screen_768x768_131.png,parkinglot,135.5234,753.47534,150.1447,690.43689
screen_768x768_131.png,parkinglot,106.7184,759.516449,122.1278,696.82819
screen_768x768_131.png,parkinglot,76.86259,765.732811,93.06008,702.86943
screen_768x768_131.png,parkinglot,32.47318,433.2049,95.24892,414.2058
screen_768x768_131.png,parkinglot,11.11004,424.0993,68.36993000000001,390.3913
screen_768x768_121.png,parkinglot,747.9597,434.2556,765.8206,371.83
screen_768x768_121.png,parkinglot,715.6525,441.6101,734.7389999999999,379.1844
screen_768x768_121.png,parkinglot,685.7966,448.3517,702.3444,385.9261
screen_768x768_81.png.txt,parkinglot,,,,
screen_768x768_91.png.txt,parkinglot,,,,
screen_768x768_38.png.txt,parkinglot,,,,
screen_768x768_28.png.txt,parkinglot,,,,
screen_768x768_310.png.txt,parkinglot,,,,
screen_768x768_268.png.txt,parkinglot,,,,
screen_768x768_300.png.txt,parkinglot,,,,
screen_768x768_278.png,parkinglot,80.53976,387.5018,135.0856,372.2676
screen_768x768_278.png,parkinglot,73.53551999999999,356.4205,128.344,342.5868
screen_768x768_278.png,parkinglot,57.600809999999996,299.0728,121.865,314.0447
screen_768x768_278.png,parkinglot,51.121829999999996,270.3552,112.4969,285.50199999999995
screen_768x768_278.png,parkinglot,42.45417,238.66099999999994,105.9303,256.4344
screen_768x768_278.png,parkinglot,36.23774,211.25670000000002,97.70031999999999,225.35300000000007
screen_768x768_278.png,parkinglot,27.219820000000002,182.53920000000005,91.48398,198.03639999999996
screen_768x768_278.png,parkinglot,20.04032,152.94619999999998,81.85316,166.4294
screen_768x768_94.png.txt,parkinglot,,,,
screen_768x768_84.png.txt,parkinglot,,,,
screen_768x768_179.png,parkinglot,258.3607,661.7194,278.2354,599.9067
screen_768x768_179.png,parkinglot,290.1427,655.0653,309.0543,593.4277999999999
screen_768x768_179.png,parkinglot,318.6851,649.1116,342.6747,586.4233
screen_768x768_179.png,parkinglot,353.0937,641.9322,372.9683,580.1195
screen_768x768_179.png,parkinglot,385.2258,635.1906,404.8377,573.4655
screen_768x768_179.png,parkinglot,418.9338,628.1864,434.9561,566.0236
screen_768x768_179.png,parkinglot,451.5912,621.357,457.2822,554.9043
screen_768x768_179.png,parkinglot,488.6263,601.8329,483.3732,537.9188
screen_768x768_179.png,parkinglot,514.5422,583.0963,507.1001,520.6708
screen_768x768_179.png,parkinglot,597.105,394.769,612.0767,331.99300000000005
screen_768x768_179.png,parkinglot,569.438,400.5475,584.8475,337.6841
screen_768x768_179.png,parkinglot,542.1214,406.2384,555.5169999999999,343.8129
screen_768x768_179.png,parkinglot,512.9661,414.556,530.3892,351.4299
screen_768x768_179.png,parkinglot,485.7369,420.7724,500.3583,357.7339
screen_768x768_179.png,parkinglot,456.9319,426.8134,472.3413,364.1252
screen_768x768_179.png,parkinglot,427.0762,433.0298,443.2737,370.1664
screen_768x768_179.png,parkinglot,401.0728,438.4582,415.9568,377.6086
screen_768x768_179.png,parkinglot,371.3922,446.33799999999997,387.5021,383.5621
screen_768x768_179.png,parkinglot,342.5873,452.9043,359.3098,390.6538
screen_768x768_179.png,parkinglot,314.2199,458.8581,330.9427,396.6076
screen_768x768_179.png,parkinglot,337.6843,82.29079999999999,383.212,37.63850000000002
screen_768x768_179.png,parkinglot,382.6868,100.50199999999995,445.4625,81.50279999999998
screen_768x768_179.png,parkinglot,311.2431,82.0281,347.3151,27.394900000000007
screen_768x768_179.png,parkinglot,222.6391,101.55259999999998,240.5,39.12699999999995
screen_768x768_179.png,parkinglot,190.3319,108.90710000000001,209.4184,46.48140000000001
screen_768x768_179.png,parkinglot,284.3641,87.54409999999996,307.0405,25.118299999999977
screen_768x768_179.png,parkinglot,253.1951,94.63589999999999,272.8947,31.50980000000004
screen_768x768_179.png,parkinglot,361.3236,91.39639999999997,418.5835,57.68830000000003
screen_768x768_179.png,parkinglot,160.4761,115.64869999999996,177.0237,53.223100000000045
screen_768x768_169.png.txt,parkinglot,,,,
screen_768x768_305.png.txt,parkinglot,,,,
screen_768x768_315.png.txt,parkinglot,,,,
screen_768x768_12.png.txt,parkinglot,,,,
screen_768x768_358.png.txt,parkinglot,,,,
screen_768x768_220.png,parkinglot,605.8603,720.20478,660.4061,704.97066
screen_768x768_220.png,parkinglot,598.8561,689.1235,653.6646,675.28979
screen_768x768_220.png,parkinglot,582.9213,631.7758,647.1855,646.7477
screen_768x768_220.png,parkinglot,576.4424,603.0581999999999,637.8174,618.205
screen_768x768_220.png,parkinglot,567.7747,571.364,631.2509,589.1375
screen_768x768_220.png,parkinglot,561.5583,543.9597,623.0209,558.056
screen_768x768_220.png,parkinglot,552.5403,515.2423,616.8045,530.7393999999999
screen_768x768_220.png,parkinglot,545.3608,485.6492,607.1737,499.1324
screen_768x768_348.png,parkinglot,9.884102,505.2611,49.020379999999996,456.9317
screen_768x768_348.png,parkinglot,36.938190000000006,512.6158,79.57686,468.051
screen_768x768_348.png,parkinglot,172.2959,574.8659,224.1274,539.8448
screen_768x768_348.png,parkinglot,198.7369,587.8241,252.6698,553.6782000000001
screen_768x768_348.png,parkinglot,227.1917,603.0581999999999,282.2631,569.7003
screen_768x768_348.png,parkinglot,256.9599,619.5184,309.4044,583.0086
screen_768x768_348.png,parkinglot,285.0648,633.2642,341.1864,598.3306
screen_768x768_348.png,parkinglot,315.7086,648.2357,367.1023,613.8273
screen_768x768_348.png,parkinglot,343.2878,662.9447,398.6214,629.0617
screen_768x768_230.png,parkinglot,345.9142,329.0163,365.7889,267.2036
screen_768x768_230.png,parkinglot,377.6962,322.3621,396.6078,260.7247
screen_768x768_230.png,parkinglot,406.2386,316.4084,430.2282,253.72019999999998
screen_768x768_230.png,parkinglot,440.6472,309.2291,460.5219,247.41639999999995
screen_768x768_230.png,parkinglot,472.7793,302.4874,492.3912,240.76229999999998
screen_768x768_230.png,parkinglot,506.4874,295.4832,522.5096,233.32039999999995
screen_768x768_230.png,parkinglot,539.1447,288.6539,544.8357,222.20119999999997
screen_768x768_230.png,parkinglot,576.1798,269.1297,570.9267,205.2156
screen_768x768_230.png,parkinglot,602.0957,250.39319999999998,594.6536,187.96770000000004
screen_768x768_230.png,parkinglot,656.9915,67.84439999999995,672.4011,4.981000000000108
screen_768x768_230.png,parkinglot,629.6749,73.5353,643.0706,11.109699999999975
screen_768x768_230.png,parkinglot,600.5196,81.8528,617.9427,18.726800000000026
screen_768x768_230.png,parkinglot,573.2905,88.06920000000002,587.9119,25.0308
screen_768x768_230.png,parkinglot,544.4855,94.11030000000005,559.8949,31.422000000000025
screen_768x768_230.png,parkinglot,514.6297,100.32669999999996,530.8271,37.463300000000004
screen_768x768_230.png,parkinglot,488.6263,105.755,503.5104,44.905399999999986
screen_768x768_230.png,parkinglot,458.9457,113.63480000000004,475.0556,50.85889999999995
screen_768x768_230.png,parkinglot,430.1407,120.20119999999997,446.8633,57.95069999999998
screen_768x768_230.png,parkinglot,401.7734,126.15499999999997,418.4962,63.90440000000001
screen_768x768_8.png.txt,parkinglot,,,,
screen_768x768_146.png.txt,parkinglot,,,,
screen_768x768_156.png.txt,parkinglot,,,,
screen_768x768_299.png.txt,parkinglot,,,,
screen_768x768_289.png.txt,parkinglot,,,,
screen_768x768_124.png,parkinglot,748.3972,753.47534,763.0186,690.43689
screen_768x768_124.png,parkinglot,719.5922,759.516449,735.0016,696.82819
screen_768x768_124.png,parkinglot,689.7365,765.732811,705.9339,702.86943
screen_768x768_124.png,parkinglot,600.3445,414.9938,645.8722,370.3415
screen_768x768_124.png,parkinglot,645.347,433.2049,708.1227,414.2058
screen_768x768_124.png,parkinglot,573.9033,414.7311,609.9753,360.0978
screen_768x768_124.png,parkinglot,485.2993,434.2556,503.1602,371.83
screen_768x768_124.png,parkinglot,452.9921,441.6101,472.0786,379.1844
screen_768x768_124.png,parkinglot,547.0244,420.2471,569.7007,357.8214
screen_768x768_124.png,parkinglot,515.8553,427.3389,535.5549,364.2128
screen_768x768_124.png,parkinglot,623.9838,424.0993,681.2437,390.3913
screen_768x768_124.png,parkinglot,423.1363,448.3517,439.6839,385.9261
screen_768x768_134.png.txt,parkinglot,,,,
screen_768x768_242.png.txt,parkinglot,,,,
screen_768x768_252.png.txt,parkinglot,,,,
screen_768x768_70.png,parkinglot,660.4061,766.958588,678.2671,704.53301
screen_768x768_70.png,parkinglot,722.1312,752.95008,744.8076,690.52437
screen_768x768_70.png,parkinglot,690.9622,760.04187,710.6617,696.9158
screen_768x768_60.png.txt,parkinglot,,,,
screen_768x768_264.png.txt,parkinglot,,,,
screen_768x768_274.png,parkinglot,430.7535,387.5018,485.2993,372.2676
screen_768x768_274.png,parkinglot,423.7493,356.4205,478.5578,342.5868
screen_768x768_274.png,parkinglot,407.8146,299.0728,472.0788,314.0447
screen_768x768_274.png,parkinglot,401.3356,270.3552,462.7106,285.50199999999995
screen_768x768_274.png,parkinglot,392.6679,238.66099999999994,456.144,256.4344
screen_768x768_274.png,parkinglot,386.4515,211.25670000000002,447.9141,225.35300000000007
screen_768x768_274.png,parkinglot,377.4336,182.53920000000005,441.6977,198.03639999999996
screen_768x768_274.png,parkinglot,370.2541,152.94619999999998,432.0669,166.4294
screen_768x768_56.png.txt,parkinglot,,,,
screen_768x768_46.png.txt,parkinglot,,,,
screen_768x768_102.png.txt,parkinglot,,,,
screen_768x768_112.png.txt,parkinglot,,,,
screen_768x768_160.png.txt,parkinglot,,,,
screen_768x768_170.png.txt,parkinglot,,,,
screen_768x768_34.png.txt,parkinglot,,,,
screen_768x768_24.png.txt,parkinglot,,,,
screen_768x768_206.png.txt,parkinglot,,,,
screen_768x768_216.png.txt,parkinglot,,,,
screen_768x768_184.png,parkinglot,13.82414,621.357,19.515060000000002,554.9043
screen_768x768_184.png,parkinglot,50.859190000000005,601.8329,45.60608,537.9188
screen_768x768_184.png,parkinglot,76.77512,583.0963,69.333,520.6708
screen_768x768_184.png,parkinglot,159.3379,394.769,174.3096,331.99300000000005
screen_768x768_184.png,parkinglot,131.6709,400.5475,147.0804,337.6841
screen_768x768_184.png,parkinglot,104.3543,406.2384,117.7499,343.8129
screen_768x768_184.png,parkinglot,75.19901,414.556,92.62214,351.4299
screen_768x768_184.png,parkinglot,47.96986,420.7724,62.59124,357.7339
screen_768x768_184.png,parkinglot,19.16489,426.8134,34.57425,364.1252
screen_768x768_194.png.txt,parkinglot,,,,
screen_768x768_323.png,parkinglot,693.4137,54.79880000000003,747.9596,39.564700000000016
screen_768x768_323.png,parkinglot,686.4095,23.717499999999973,741.2180000000001,9.883799999999951
screen_768x768_333.png.txt,parkinglot,,,,
screen_768x768_69.png,parkinglot,747.9597,766.958588,765.8206,704.53301
screen_768x768_79.png,parkinglot,32.47318,765.907883,95.24892,746.90884
screen_768x768_79.png,parkinglot,11.11004,756.80235,68.36993000000001,723.09428
screen_768x768_341.png,parkinglot,565.5856,495.5425,606.3858,444.8495
screen_768x768_341.png,parkinglot,595.6166,495.893,636.2413,452.55400000000003
screen_768x768_341.png,parkinglot,622.7581,505.2611,661.8943,456.9317
screen_768x768_341.png,parkinglot,649.8121,512.6158,692.4508,468.051
screen_768x768_239.png.txt,parkinglot,,,,
screen_768x768_351.png,parkinglot,22.404420000000002,633.2642,78.52601999999999,598.3306
screen_768x768_351.png,parkinglot,53.048190000000005,648.2357,104.4419,613.8273
screen_768x768_351.png,parkinglot,80.62738,662.9447,135.961,629.0617
screen_768x768_229.png,parkinglot,433.4676,329.0163,453.3423,267.2036
screen_768x768_229.png,parkinglot,465.2495,322.3621,484.1612,260.7247
screen_768x768_229.png,parkinglot,493.792,316.4084,517.7816,253.72019999999998
screen_768x768_229.png,parkinglot,528.2005,309.2291,548.0752,247.41639999999995
screen_768x768_229.png,parkinglot,560.3326,302.4874,579.9446,240.76229999999998
screen_768x768_229.png,parkinglot,594.0408,295.4832,610.0629,233.32039999999995
screen_768x768_229.png,parkinglot,626.6981,288.6539,632.389,222.20119999999997
screen_768x768_229.png,parkinglot,663.7332,269.1297,658.48,205.2156
screen_768x768_229.png,parkinglot,689.6489999999999,250.39319999999998,682.2069,187.96770000000004
screen_768x768_229.png,parkinglot,744.5449,67.84439999999995,759.9545,4.981000000000108
screen_768x768_229.png,parkinglot,717.2283,73.5353,730.6239,11.109699999999975
screen_768x768_229.png,parkinglot,688.073,81.8528,705.4961,18.726800000000026
screen_768x768_229.png,parkinglot,660.8438,88.06920000000002,675.4652,25.0308
screen_768x768_229.png,parkinglot,632.0388,94.11030000000005,647.4482,31.422000000000025
screen_768x768_229.png,parkinglot,602.183,100.32669999999996,618.3805,37.463300000000004
screen_768x768_229.png,parkinglot,576.1796,105.755,591.0637,44.905399999999986
screen_768x768_229.png,parkinglot,546.499,113.63480000000004,562.6089,50.85889999999995
screen_768x768_229.png,parkinglot,517.6941,120.20119999999997,534.4167,57.95069999999998
screen_768x768_229.png,parkinglot,489.3268,126.15499999999997,506.0496,63.90440000000001
screen_768x768_1.png.txt,parkinglot,,,,
screen_768x768_280.png.txt,parkinglot,,,,
screen_768x768_290.png.txt,parkinglot,,,,
screen_768x768_47.png.txt,parkinglot,,,,
screen_768x768_57.png.txt,parkinglot,,,,
screen_768x768_275.png,parkinglot,343.2001,387.5018,397.746,372.2676
screen_768x768_275.png,parkinglot,336.1958,356.4205,391.0043,342.5868
screen_768x768_275.png,parkinglot,320.2611,299.0728,384.5253,314.0447
screen_768x768_275.png,parkinglot,313.7821,270.3552,375.1572,285.50199999999995
screen_768x768_275.png,parkinglot,305.1144,238.66099999999994,368.5906,256.4344
screen_768x768_275.png,parkinglot,298.89799999999997,211.25670000000002,360.3606,225.35300000000007
screen_768x768_275.png,parkinglot,289.8801,182.53920000000005,354.1443,198.03639999999996
screen_768x768_275.png,parkinglot,282.7006,152.94619999999998,344.5135,166.4294
screen_768x768_265.png.txt,parkinglot,,,,
screen_768x768_113.png.txt,parkinglot,,,,
screen_768x768_103.png.txt,parkinglot,,,,
screen_768x768_171.png.txt,parkinglot,,,,
screen_768x768_161.png.txt,parkinglot,,,,
screen_768x768_217.png.txt,parkinglot,,,,
screen_768x768_207.png.txt,parkinglot,,,,
screen_768x768_25.png.txt,parkinglot,,,,
screen_768x768_35.png.txt,parkinglot,,,,
screen_768x768_78.png,parkinglot,75.02408,747.69681,120.5518,703.04453
screen_768x768_78.png,parkinglot,120.0265,765.907883,182.8023,746.90884
screen_768x768_78.png,parkinglot,48.58289,747.4341,84.6549,692.80083
screen_768x768_78.png,parkinglot,21.7039,752.95008,44.3803,690.52437
screen_768x768_78.png,parkinglot,98.66338,756.80235,155.9233,723.09428
screen_768x768_68.png.txt,parkinglot,,,,
screen_768x768_332.png.txt,parkinglot,,,,
screen_768x768_322.png.txt,parkinglot,,,,
screen_768x768_195.png.txt,parkinglot,,,,
screen_768x768_185.png,parkinglot,71.78455,394.769,86.75626,331.99300000000005
screen_768x768_185.png,parkinglot,44.11759,400.5475,59.52711,337.6841
screen_768x768_185.png,parkinglot,16.80096,406.2384,30.196559999999998,343.8129
screen_768x768_291.png.txt,parkinglot,,,,
screen_768x768_281.png.txt,parkinglot,,,,
screen_768x768_228.png,parkinglot,521.0209,329.0163,540.8956,267.2036
screen_768x768_228.png,parkinglot,552.8029,322.3621,571.7145,260.7247
screen_768x768_228.png,parkinglot,581.3453,316.4084,605.335,253.72019999999998
screen_768x768_228.png,parkinglot,615.7539,309.2291,635.6285,247.41639999999995
screen_768x768_228.png,parkinglot,647.886,302.4874,667.4979,240.76229999999998
screen_768x768_228.png,parkinglot,681.5941,295.4832,697.6163,233.32039999999995
screen_768x768_228.png,parkinglot,714.2515,288.6539,719.9424,222.20119999999997
screen_768x768_228.png,parkinglot,751.2865,269.1297,746.0334,205.2156
screen_768x768_228.png,parkinglot,748.3972,88.06920000000002,763.0186,25.0308
screen_768x768_228.png,parkinglot,719.5922,94.11030000000005,735.0016,31.422000000000025
screen_768x768_228.png,parkinglot,689.7365,100.32669999999996,705.9339,37.463300000000004
screen_768x768_228.png,parkinglot,663.7330000000001,105.755,678.6171,44.905399999999986
screen_768x768_228.png,parkinglot,634.0524,113.63480000000004,650.1623,50.85889999999995
screen_768x768_228.png,parkinglot,605.2475,120.20119999999997,621.9701,57.95069999999998
screen_768x768_228.png,parkinglot,576.8802,126.15499999999997,593.6029,63.90440000000001
screen_768x768_350.png,parkinglot,23.6302,587.8241,77.56311,553.6782000000001
screen_768x768_350.png,parkinglot,52.08497,603.0581999999999,107.1563,569.7003
screen_768x768_350.png,parkinglot,81.85316,619.5184,134.2977,583.0086
screen_768x768_350.png,parkinglot,109.9581,633.2642,166.0797,598.3306
screen_768x768_350.png,parkinglot,140.6019,648.2357,191.9956,613.8273
screen_768x768_350.png,parkinglot,168.18099999999998,662.9447,223.5147,629.0617
screen_768x768_238.png.txt,parkinglot,,,,
screen_768x768_340.png,parkinglot,653.1389,495.5425,693.9391,444.8495
screen_768x768_340.png,parkinglot,683.17,495.893,723.7946,452.55400000000003
screen_768x768_340.png,parkinglot,710.3114,505.2611,749.4476,456.9317
screen_768x768_0.png.txt,parkinglot,,,,
screen_768x768_168.png.txt,parkinglot,,,,
screen_768x768_178.png,parkinglot,345.9142,661.7194,365.7889,599.9067
screen_768x768_178.png,parkinglot,377.6962,655.0653,396.6078,593.4277999999999
screen_768x768_178.png,parkinglot,406.2386,649.1116,430.2282,586.4233
screen_768x768_178.png,parkinglot,440.6472,641.9322,460.5219,580.1195
screen_768x768_178.png,parkinglot,472.7793,635.1906,492.3912,573.4655
screen_768x768_178.png,parkinglot,506.4874,628.1864,522.5096,566.0236
screen_768x768_178.png,parkinglot,539.1447,621.357,544.8357,554.9043
screen_768x768_178.png,parkinglot,576.1798,601.8329,570.9267,537.9188
screen_768x768_178.png,parkinglot,602.0957,583.0963,594.6536,520.6708
screen_768x768_178.png,parkinglot,684.6586,394.769,699.6302,331.99300000000005
screen_768x768_178.png,parkinglot,656.9915,400.5475,672.4011,337.6841
screen_768x768_178.png,parkinglot,629.6749,406.2384,643.0706,343.8129
screen_768x768_178.png,parkinglot,600.5196,414.556,617.9427,351.4299
screen_768x768_178.png,parkinglot,573.2905,420.7724,587.9119,357.7339
screen_768x768_178.png,parkinglot,544.4855,426.8134,559.8949,364.1252
screen_768x768_178.png,parkinglot,514.6297,433.0298,530.8271,370.1664
screen_768x768_178.png,parkinglot,488.6263,438.4582,503.5104,377.6086
screen_768x768_178.png,parkinglot,458.9457,446.33799999999997,475.0556,383.5621
screen_768x768_178.png,parkinglot,430.1407,452.9043,446.8633,390.6538
screen_768x768_178.png,parkinglot,401.7734,458.8581,418.4962,396.6076
screen_768x768_178.png,parkinglot,425.2378,82.29079999999999,470.7655,37.63850000000002
screen_768x768_178.png,parkinglot,470.2402,100.50199999999995,533.016,81.50279999999998
screen_768x768_178.png,parkinglot,398.7966,82.0281,434.8686,27.394900000000007
screen_768x768_178.png,parkinglot,310.1926,101.55259999999998,328.0535,39.12699999999995
screen_768x768_178.png,parkinglot,277.8854,108.90710000000001,296.9719,46.48140000000001
screen_768x768_178.png,parkinglot,371.9177,87.54409999999996,394.594,25.118299999999977
screen_768x768_178.png,parkinglot,340.7486,94.63589999999999,360.4482,31.50980000000004
screen_768x768_178.png,parkinglot,448.8771,91.39639999999997,506.13699999999994,57.68830000000003
screen_768x768_178.png,parkinglot,248.0296,115.64869999999996,264.5772,53.223100000000045
screen_768x768_85.png.txt,parkinglot,,,,
screen_768x768_95.png.txt,parkinglot,,,,
screen_768x768_314.png.txt,parkinglot,,,,
screen_768x768_304.png.txt,parkinglot,,,,
screen_768x768_288.png.txt,parkinglot,,,,
screen_768x768_298.png.txt,parkinglot,,,,
screen_768x768_231.png,parkinglot,258.3607,329.0163,278.2354,267.2036
screen_768x768_231.png,parkinglot,290.1427,322.3621,309.0543,260.7247
screen_768x768_231.png,parkinglot,318.6851,316.4084,342.6747,253.72019999999998
screen_768x768_231.png,parkinglot,353.0937,309.2291,372.9683,247.41639999999995
screen_768x768_231.png,parkinglot,385.2258,302.4874,404.8377,240.76229999999998
screen_768x768_231.png,parkinglot,418.9338,295.4832,434.9561,233.32039999999995
screen_768x768_231.png,parkinglot,451.5912,288.6539,457.2822,222.20119999999997
screen_768x768_231.png,parkinglot,488.6263,269.1297,483.3732,205.2156
screen_768x768_231.png,parkinglot,514.5422,250.39319999999998,507.1001,187.96770000000004
screen_768x768_231.png,parkinglot,569.438,67.84439999999995,584.8475,4.981000000000108
screen_768x768_231.png,parkinglot,542.1214,73.5353,555.5169999999999,11.109699999999975
screen_768x768_231.png,parkinglot,512.9661,81.8528,530.3892,18.726800000000026
screen_768x768_231.png,parkinglot,485.7369,88.06920000000002,500.3583,25.0308
screen_768x768_231.png,parkinglot,456.9319,94.11030000000005,472.3413,31.422000000000025
screen_768x768_231.png,parkinglot,427.0762,100.32669999999996,443.2737,37.463300000000004
screen_768x768_231.png,parkinglot,401.0728,105.755,415.9568,44.905399999999986
screen_768x768_231.png,parkinglot,371.3922,113.63480000000004,387.5021,50.85889999999995
screen_768x768_231.png,parkinglot,342.5873,120.20119999999997,359.3098,57.95069999999998
screen_768x768_231.png,parkinglot,314.2199,126.15499999999997,330.9427,63.90440000000001
screen_768x768_349.png,parkinglot,84.74252,574.8659,136.57399999999998,539.8448
screen_768x768_349.png,parkinglot,111.1835,587.8241,165.1165,553.6782000000001
screen_768x768_349.png,parkinglot,139.6383,603.0581999999999,194.7097,569.7003
screen_768x768_349.png,parkinglot,169.4065,619.5184,221.8511,583.0086
screen_768x768_349.png,parkinglot,197.5114,633.2642,253.63299999999998,598.3306
screen_768x768_349.png,parkinglot,228.1552,648.2357,279.54900000000004,613.8273
screen_768x768_349.png,parkinglot,255.7344,662.9447,311.0681,629.0617
screen_768x768_221.png,parkinglot,518.3069,720.20478,572.8527,704.97066
screen_768x768_221.png,parkinglot,511.3026,689.1235,566.1111,675.28979
screen_768x768_221.png,parkinglot,495.3679,631.7758,559.6321,646.7477
screen_768x768_221.png,parkinglot,488.8889,603.0581999999999,550.264,618.205
screen_768x768_221.png,parkinglot,480.2213,571.364,543.6974,589.1375
screen_768x768_221.png,parkinglot,474.0049,543.9597,535.4674,558.056
screen_768x768_221.png,parkinglot,464.9869,515.2423,529.2511,530.7393999999999
screen_768x768_221.png,parkinglot,457.8074,485.6492,519.6202,499.1324
screen_768x768_359.png.txt,parkinglot,,,,
screen_768x768_13.png.txt,parkinglot,,,,
screen_768x768_157.png.txt,parkinglot,,,,
screen_768x768_147.png.txt,parkinglot,,,,
screen_768x768_9.png.txt,parkinglot,,,,
screen_768x768_135.png.txt,parkinglot,,,,
screen_768x768_125.png,parkinglot,744.5449,733.25052,759.9545,670.38714
screen_768x768_125.png,parkinglot,717.2283,738.9414400000001,730.6239,676.51586
screen_768x768_125.png,parkinglot,688.073,747.259,705.4961,684.13293
screen_768x768_125.png,parkinglot,660.8438,753.47534,675.4652,690.43689
screen_768x768_125.png,parkinglot,632.0388,759.516449,647.4482,696.82819
screen_768x768_125.png,parkinglot,602.183,765.732811,618.3805,702.86943
screen_768x768_125.png,parkinglot,512.7911,414.9938,558.3188,370.3415
screen_768x768_125.png,parkinglot,557.7936,433.2049,620.5693,414.2058
screen_768x768_125.png,parkinglot,486.35,414.7311,522.422,360.0978
screen_768x768_125.png,parkinglot,397.746,434.2556,415.6068,371.83
screen_768x768_125.png,parkinglot,365.4387,441.6101,384.5253,379.1844
screen_768x768_125.png,parkinglot,459.471,420.2471,482.1474,357.8214
screen_768x768_125.png,parkinglot,428.3019,427.3389,448.0015,364.2128
screen_768x768_125.png,parkinglot,536.4304,424.0993,593.6904,390.3913
screen_768x768_125.png,parkinglot,335.5829,448.3517,352.1306,385.9261
screen_768x768_61.png.txt,parkinglot,,,,
screen_768x768_71.png,parkinglot,687.8981,747.69681,733.4258,703.04453
screen_768x768_71.png,parkinglot,661.4569,747.4341,697.5288,692.80083
screen_768x768_71.png,parkinglot,572.8528,766.958588,590.7137,704.53301
screen_768x768_71.png,parkinglot,634.5779,752.95008,657.2543,690.52437
screen_768x768_71.png,parkinglot,603.4088,760.04187,623.1084,696.9158
screen_768x768_253.png.txt,parkinglot,,,,
screen_768x768_243.png.txt,parkinglot,,,,
screen_768x768_37.png.txt,parkinglot,,,,
screen_768x768_27.png.txt,parkinglot,,,,
screen_768x768_205.png.txt,parkinglot,,,,
screen_768x768_215.png.txt,parkinglot,,,,
screen_768x768_163.png.txt,parkinglot,,,,
screen_768x768_173.png,parkinglot,747.9597,101.55259999999998,765.8206,39.12699999999995
screen_768x768_173.png,parkinglot,715.6525,108.90710000000001,734.7389999999999,46.48140000000001
screen_768x768_173.png,parkinglot,685.7966,115.64869999999996,702.3444,53.223100000000045
screen_768x768_101.png.txt,parkinglot,,,,
screen_768x768_111.png.txt,parkinglot,,,,
screen_768x768_267.png.txt,parkinglot,,,,
screen_768x768_277.png,parkinglot,168.0933,387.5018,222.6392,372.2676
screen_768x768_277.png,parkinglot,161.089,356.4205,215.8976,342.5868
screen_768x768_277.png,parkinglot,145.1543,299.0728,209.4185,314.0447
screen_768x768_277.png,parkinglot,138.6753,270.3552,200.0504,285.50199999999995
screen_768x768_277.png,parkinglot,130.0077,238.66099999999994,193.4838,256.4344
screen_768x768_277.png,parkinglot,123.7912,211.25670000000002,185.2538,225.35300000000007
screen_768x768_277.png,parkinglot,114.7733,182.53920000000005,179.0375,198.03639999999996
screen_768x768_277.png,parkinglot,107.5938,152.94619999999998,169.4067,166.4294
screen_768x768_55.png.txt,parkinglot,,,,
screen_768x768_45.png.txt,parkinglot,,,,
screen_768x768_283.png.txt,parkinglot,,,,
screen_768x768_293.png.txt,parkinglot,,,,
screen_768x768_2.png.txt,parkinglot,,,,
screen_768x768_18.png.txt,parkinglot,,,,
screen_768x768_342.png,parkinglot,478.0321,495.5425,518.8323,444.8495
screen_768x768_342.png,parkinglot,508.0632,495.893,548.6877,452.55400000000003
screen_768x768_342.png,parkinglot,535.2046,505.2611,574.3408,456.9317
screen_768x768_342.png,parkinglot,562.2586,512.6158,604.8973,468.051
screen_768x768_342.png,parkinglot,697.6163,574.8659,749.4479,539.8448
screen_768x768_352.png.txt,parkinglot,,,,
screen_768x768_258.png.txt,parkinglot,,,,
screen_768x768_320.png.txt,parkinglot,,,,
screen_768x768_248.png.txt,parkinglot,,,,
screen_768x768_330.png,parkinglot,80.53976,54.79880000000003,135.0856,39.564700000000016
screen_768x768_330.png,parkinglot,73.53551999999999,23.717499999999973,128.344,9.883799999999951
screen_768x768_187.png.txt,parkinglot,,,,
screen_768x768_197.png.txt,parkinglot,,,,
screen_768x768_118.png.txt,parkinglot,,,,
screen_768x768_108.png.txt,parkinglot,,,,
screen_768x768_306.png.txt,parkinglot,,,,
screen_768x768_316.png.txt,parkinglot,,,,
screen_768x768_97.png.txt,parkinglot,,,,
screen_768x768_87.png.txt,parkinglot,,,,
screen_768x768_241.png.txt,parkinglot,,,,
screen_768x768_339.png.txt,parkinglot,,,,
screen_768x768_251.png.txt,parkinglot,,,,
screen_768x768_329.png,parkinglot,168.0933,54.79880000000003,222.6392,39.564700000000016
screen_768x768_329.png,parkinglot,161.089,23.717499999999973,215.8976,9.883799999999951
screen_768x768_73.png,parkinglot,512.7911,747.69681,558.3188,703.04453
screen_768x768_73.png,parkinglot,557.7936,765.907883,620.5693,746.90884
screen_768x768_73.png,parkinglot,486.35,747.4341,522.422,692.80083
screen_768x768_73.png,parkinglot,397.746,766.958588,415.6068,704.53301
screen_768x768_73.png,parkinglot,459.471,752.95008,482.1474,690.52437
screen_768x768_73.png,parkinglot,428.3019,760.04187,448.0015,696.9158
screen_768x768_73.png,parkinglot,536.4304,756.80235,593.6904,723.09428
screen_768x768_63.png.txt,parkinglot,,,,
screen_768x768_127.png,parkinglot,597.105,727.47196,612.0767,664.6961
screen_768x768_127.png,parkinglot,569.438,733.25052,584.8475,670.38714
screen_768x768_127.png,parkinglot,542.1214,738.9414400000001,555.5169999999999,676.51586
screen_768x768_127.png,parkinglot,512.9661,747.259,530.3892,684.13293
screen_768x768_127.png,parkinglot,485.7369,753.47534,500.3583,690.43689
screen_768x768_127.png,parkinglot,456.9319,759.516449,472.3413,696.82819
screen_768x768_127.png,parkinglot,427.0762,765.732811,443.2737,702.86943
screen_768x768_127.png,parkinglot,337.6843,414.9938,383.212,370.3415
screen_768x768_127.png,parkinglot,382.6868,433.2049,445.4625,414.2058
screen_768x768_127.png,parkinglot,311.2431,414.7311,347.3151,360.0978
screen_768x768_127.png,parkinglot,222.6391,434.2556,240.5,371.83
screen_768x768_127.png,parkinglot,190.3319,441.6101,209.4184,379.1844
screen_768x768_127.png,parkinglot,284.3641,420.2471,307.0405,357.8214
screen_768x768_127.png,parkinglot,253.1951,427.3389,272.8947,364.2128
screen_768x768_127.png,parkinglot,361.3236,424.0993,418.5835,390.3913
screen_768x768_127.png,parkinglot,160.4761,448.3517,177.0237,385.9261
screen_768x768_137.png.txt,parkinglot,,,,
screen_768x768_145.png.txt,parkinglot,,,,
screen_768x768_155.png.txt,parkinglot,,,,
screen_768x768_11.png.txt,parkinglot,,,,
screen_768x768_223.png,parkinglot,343.2001,720.20478,397.746,704.97066
screen_768x768_223.png,parkinglot,336.1958,689.1235,391.0043,675.28979
screen_768x768_223.png,parkinglot,320.2611,631.7758,384.5253,646.7477
screen_768x768_223.png,parkinglot,313.7821,603.0581999999999,375.1572,618.205
screen_768x768_223.png,parkinglot,305.1144,571.364,368.5906,589.1375
screen_768x768_223.png,parkinglot,298.89799999999997,543.9597,360.3606,558.056
screen_768x768_223.png,parkinglot,289.8801,515.2423,354.1443,530.7393999999999
screen_768x768_223.png,parkinglot,282.7006,485.6492,344.5135,499.1324
screen_768x768_233.png,parkinglot,83.25386999999999,329.0163,103.1285,267.2036
screen_768x768_233.png,parkinglot,115.0358,322.3621,133.9474,260.7247
screen_768x768_233.png,parkinglot,143.5782,316.4084,167.5678,253.72019999999998
screen_768x768_233.png,parkinglot,177.9868,309.2291,197.8615,247.41639999999995
screen_768x768_233.png,parkinglot,210.1189,302.4874,229.7309,240.76229999999998
screen_768x768_233.png,parkinglot,243.827,295.4832,259.8492,233.32039999999995
screen_768x768_233.png,parkinglot,276.4844,288.6539,282.1753,222.20119999999997
screen_768x768_233.png,parkinglot,313.5194,269.1297,308.2663,205.2156
screen_768x768_233.png,parkinglot,339.4353,250.39319999999998,331.9932,187.96770000000004
screen_768x768_233.png,parkinglot,394.3312,67.84439999999995,409.7407,4.981000000000108
screen_768x768_233.png,parkinglot,367.0145,73.5353,380.4102,11.109699999999975
screen_768x768_233.png,parkinglot,337.8592,81.8528,355.2823,18.726800000000026
screen_768x768_233.png,parkinglot,310.6301,88.06920000000002,325.2515,25.0308
screen_768x768_233.png,parkinglot,281.8251,94.11030000000005,297.2345,31.422000000000025
screen_768x768_233.png,parkinglot,251.9693,100.32669999999996,268.1668,37.463300000000004
screen_768x768_233.png,parkinglot,225.9659,105.755,240.85,44.905399999999986
screen_768x768_233.png,parkinglot,196.2854,113.63480000000004,212.3952,50.85889999999995
screen_768x768_233.png,parkinglot,167.4804,120.20119999999997,184.203,57.95069999999998
screen_768x768_233.png,parkinglot,139.1131,126.15499999999997,155.8358,63.90440000000001
screen_768x768_109.png.txt,parkinglot,,,,
screen_768x768_119.png.txt,parkinglot,,,,
screen_768x768_317.png.txt,parkinglot,,,,
screen_768x768_307.png.txt,parkinglot,,,,
screen_768x768_86.png.txt,parkinglot,,,,
screen_768x768_96.png.txt,parkinglot,,,,
screen_768x768_62.png.txt,parkinglot,,,,
screen_768x768_72.png,parkinglot,600.3445,747.69681,645.8722,703.04453
screen_768x768_72.png,parkinglot,645.347,765.907883,708.1227,746.90884
screen_768x768_72.png,parkinglot,573.9033,747.4341,609.9753,692.80083
screen_768x768_72.png,parkinglot,485.2993,766.958588,503.1602,704.53301
screen_768x768_72.png,parkinglot,547.0244,752.95008,569.7007,690.52437
screen_768x768_72.png,parkinglot,515.8553,760.04187,535.5549,696.9158
screen_768x768_72.png,parkinglot,623.9838,756.80235,681.2437,723.09428
screen_768x768_328.png,parkinglot,255.6466,54.79880000000003,310.1925,39.564700000000016
screen_768x768_328.png,parkinglot,248.6424,23.717499999999973,303.4509,9.883799999999951
screen_768x768_250.png.txt,parkinglot,,,,
screen_768x768_338.png.txt,parkinglot,,,,
screen_768x768_240.png.txt,parkinglot,,,,
screen_768x768_136.png.txt,parkinglot,,,,
screen_768x768_126.png,parkinglot,684.6586,727.47196,699.6302,664.6961
screen_768x768_126.png,parkinglot,656.9915,733.25052,672.4011,670.38714
screen_768x768_126.png,parkinglot,629.6749,738.9414400000001,643.0706,676.51586
screen_768x768_126.png,parkinglot,600.5196,747.259,617.9427,684.13293
screen_768x768_126.png,parkinglot,573.2905,753.47534,587.9119,690.43689
screen_768x768_126.png,parkinglot,544.4855,759.516449,559.8949,696.82819
screen_768x768_126.png,parkinglot,514.6297,765.732811,530.8271,702.86943
screen_768x768_126.png,parkinglot,425.2378,414.9938,470.7655,370.3415
screen_768x768_126.png,parkinglot,470.2402,433.2049,533.016,414.2058
screen_768x768_126.png,parkinglot,398.7966,414.7311,434.8686,360.0978
screen_768x768_126.png,parkinglot,310.1926,434.2556,328.0535,371.83
screen_768x768_126.png,parkinglot,277.8854,441.6101,296.9719,379.1844
screen_768x768_126.png,parkinglot,371.9177,420.2471,394.594,357.8214
screen_768x768_126.png,parkinglot,340.7486,427.3389,360.4482,364.2128
screen_768x768_126.png,parkinglot,448.8771,424.0993,506.13699999999994,390.3913
screen_768x768_126.png,parkinglot,248.0296,448.3517,264.5772,385.9261
screen_768x768_154.png.txt,parkinglot,,,,
screen_768x768_144.png.txt,parkinglot,,,,
screen_768x768_232.png,parkinglot,170.8074,329.0163,190.6821,267.2036
screen_768x768_232.png,parkinglot,202.5893,322.3621,221.5009,260.7247
screen_768x768_232.png,parkinglot,231.1317,316.4084,255.1214,253.72019999999998
screen_768x768_232.png,parkinglot,265.5403,309.2291,285.415,247.41639999999995
screen_768x768_232.png,parkinglot,297.6724,302.4874,317.2844,240.76229999999998
screen_768x768_232.png,parkinglot,331.3805,295.4832,347.4027,233.32039999999995
screen_768x768_232.png,parkinglot,364.0379,288.6539,369.7288,222.20119999999997
screen_768x768_232.png,parkinglot,401.0729,269.1297,395.8198,205.2156
screen_768x768_232.png,parkinglot,426.9889,250.39319999999998,419.5467,187.96770000000004
screen_768x768_232.png,parkinglot,481.8846,67.84439999999995,497.2942,4.981000000000108
screen_768x768_232.png,parkinglot,454.56800000000004,73.5353,467.9637,11.109699999999975
screen_768x768_232.png,parkinglot,425.4127,81.8528,442.8359,18.726800000000026
screen_768x768_232.png,parkinglot,398.1836,88.06920000000002,412.805,25.0308
screen_768x768_232.png,parkinglot,369.3786,94.11030000000005,384.788,31.422000000000025
screen_768x768_232.png,parkinglot,339.5228,100.32669999999996,355.7203,37.463300000000004
screen_768x768_232.png,parkinglot,313.5194,105.755,328.4035,44.905399999999986
screen_768x768_232.png,parkinglot,283.8389,113.63480000000004,299.9487,50.85889999999995
screen_768x768_232.png,parkinglot,255.0339,120.20119999999997,271.7565,57.95069999999998
screen_768x768_232.png,parkinglot,226.6666,126.15499999999997,243.3893,63.90440000000001
screen_768x768_222.png,parkinglot,430.7535,720.20478,485.2993,704.97066
screen_768x768_222.png,parkinglot,423.7493,689.1235,478.5578,675.28979
screen_768x768_222.png,parkinglot,407.8146,631.7758,472.0788,646.7477
screen_768x768_222.png,parkinglot,401.3356,603.0581999999999,462.7106,618.205
screen_768x768_222.png,parkinglot,392.6679,571.364,456.144,589.1375
screen_768x768_222.png,parkinglot,386.4515,543.9597,447.9141,558.056
screen_768x768_222.png,parkinglot,377.4336,515.2423,441.6977,530.7393999999999
screen_768x768_222.png,parkinglot,370.2541,485.6492,432.0669,499.1324
screen_768x768_10.png.txt,parkinglot,,,,
screen_768x768_214.png.txt,parkinglot,,,,
screen_768x768_204.png.txt,parkinglot,,,,
screen_768x768_26.png.txt,parkinglot,,,,
screen_768x768_36.png.txt,parkinglot,,,,
screen_768x768_172.png.txt,parkinglot,,,,
screen_768x768_162.png.txt,parkinglot,,,,
screen_768x768_110.png.txt,parkinglot,,,,
screen_768x768_100.png.txt,parkinglot,,,,
screen_768x768_44.png.txt,parkinglot,,,,
screen_768x768_54.png.txt,parkinglot,,,,
screen_768x768_276.png,parkinglot,255.6466,387.5018,310.1925,372.2676
screen_768x768_276.png,parkinglot,248.6424,356.4205,303.4509,342.5868
screen_768x768_276.png,parkinglot,232.7077,299.0728,296.9719,314.0447
screen_768x768_276.png,parkinglot,226.2287,270.3552,287.6037,285.50199999999995
screen_768x768_276.png,parkinglot,217.56099999999998,238.66099999999994,281.0372,256.4344
screen_768x768_276.png,parkinglot,211.3446,211.25670000000002,272.8072,225.35300000000007
screen_768x768_276.png,parkinglot,202.3267,182.53920000000005,266.5909,198.03639999999996
screen_768x768_276.png,parkinglot,195.1472,152.94619999999998,256.96,166.4294
screen_768x768_266.png.txt,parkinglot,,,,
screen_768x768_3.png.txt,parkinglot,,,,
screen_768x768_353.png.txt,parkinglot,,,,
screen_768x768_343.png,parkinglot,390.4787,495.5425,431.2789,444.8495
screen_768x768_343.png,parkinglot,420.5098,495.893,461.1344,452.55400000000003
screen_768x768_343.png,parkinglot,447.6512,505.2611,486.7874,456.9317
screen_768x768_343.png,parkinglot,474.7053,512.6158,517.3439,468.051
screen_768x768_343.png,parkinglot,610.0629,574.8659,661.8945,539.8448
screen_768x768_343.png,parkinglot,636.504,587.8241,690.4369,553.6782000000001
screen_768x768_343.png,parkinglot,664.9587,603.0581999999999,720.0302,569.7003
screen_768x768_343.png,parkinglot,694.7269,619.5184,747.1716,583.0086
screen_768x768_19.png.txt,parkinglot,,,,
screen_768x768_292.png.txt,parkinglot,,,,
screen_768x768_282.png.txt,parkinglot,,,,
screen_768x768_196.png.txt,parkinglot,,,,
screen_768x768_186.png.txt,parkinglot,,,,
screen_768x768_331.png.txt,parkinglot,,,,
screen_768x768_249.png.txt,parkinglot,,,,
screen_768x768_321.png.txt,parkinglot,,,,
screen_768x768_259.png.txt,parkinglot,,,,
